lakename,year,froze
suwa,1443,1
suwa,1444,1
suwa,1445,1
suwa,1446,1
suwa,1447,1
suwa,1448,1
suwa,1449,1
suwa,1450,1
suwa,1451,1
suwa,1452,1
suwa,1453,1
suwa,1454,1
suwa,1455,1
suwa,1456,1
suwa,1458,1
suwa,1459,1
suwa,1460,1
suwa,1461,1
suwa,1462,1
suwa,1463,1
suwa,1464,1
suwa,1465,1
suwa,1466,1
suwa,1467,1
suwa,1468,1
suwa,1469,1
suwa,1470,1
suwa,1471,1
suwa,1472,1
suwa,1473,1
suwa,1474,1
suwa,1475,1
suwa,1476,1
suwa,1477,1
suwa,1478,1
suwa,1479,1
suwa,1480,1
suwa,1481,1
suwa,1482,1
suwa,1483,1
suwa,1484,1
suwa,1485,1
suwa,1486,1
suwa,1487,1
suwa,1488,1
suwa,1489,1
suwa,1490,1
suwa,1491,1
suwa,1492,1
suwa,1493,1
suwa,1494,1
suwa,1495,1
suwa,1496,1
suwa,1497,1
suwa,1498,1
suwa,1499,1
suwa,1500,1
suwa,1501,1
suwa,1502,1
suwa,1503,1
suwa,1504,1
suwa,1505,0
suwa,1506,1
suwa,1507,0
suwa,1508,0
suwa,1509,0
suwa,1510,0
suwa,1511,0
suwa,1512,0
suwa,1513,0
suwa,1514,0
suwa,1515,1
suwa,1516,1
suwa,1517,1
suwa,1518,1
suwa,1519,1
suwa,1520,1
suwa,1521,1
suwa,1522,1
suwa,1523,1
suwa,1524,1
suwa,1525,1
suwa,1526,1
suwa,1527,1
suwa,1528,1
suwa,1529,1
suwa,1530,1
suwa,1531,1
suwa,1532,1
suwa,1533,1
suwa,1534,1
suwa,1535,1
suwa,1536,1
suwa,1537,1
suwa,1538,1
suwa,1539,1
suwa,1540,1
suwa,1541,1
suwa,1542,1
suwa,1543,1
suwa,1544,1
suwa,1545,1
suwa,1546,0
suwa,1547,1
suwa,1548,1
suwa,1549,1
suwa,1550,1
suwa,1551,1
suwa,1552,1
suwa,1553,1
suwa,1554,1
suwa,1555,0
suwa,1556,1
suwa,1557,1
suwa,1558,1
suwa,1559,1
suwa,1560,1
suwa,1561,1
suwa,1562,1
suwa,1563,1
suwa,1564,1
suwa,1565,1
suwa,1566,1
suwa,1567,1
suwa,1568,1
suwa,1569,1
suwa,1570,1
suwa,1571,1
suwa,1572,1
suwa,1573,1
suwa,1574,1
suwa,1575,1
suwa,1576,1
suwa,1577,1
suwa,1578,1
suwa,1579,1
suwa,1580,1
suwa,1581,1
suwa,1582,1
suwa,1583,1
suwa,1584,1
suwa,1585,1
suwa,1586,1
suwa,1587,1
suwa,1588,1
suwa,1589,1
suwa,1590,1
suwa,1591,1
suwa,1592,1
suwa,1593,1
suwa,1595,1
suwa,1596,1
suwa,1597,1
suwa,1598,1
suwa,1599,1
suwa,1600,1
suwa,1601,1
suwa,1602,1
suwa,1603,1
suwa,1604,1
suwa,1605,1
suwa,1606,1
suwa,1607,1
suwa,1608,1
suwa,1609,1
suwa,1610,1
suwa,1611,1
suwa,1612,1
suwa,1613,1
suwa,1614,1
suwa,1615,1
suwa,1616,1
suwa,1617,1
suwa,1618,1
suwa,1619,1
suwa,1620,1
suwa,1621,1
suwa,1622,1
suwa,1623,1
suwa,1624,1
suwa,1625,1
suwa,1626,1
suwa,1627,1
suwa,1628,1
suwa,1629,1
suwa,1630,1
suwa,1631,1
suwa,1632,1
suwa,1633,1
suwa,1634,1
suwa,1635,1
suwa,1636,1
suwa,1637,1
suwa,1638,1
suwa,1639,1
suwa,1640,1
suwa,1641,1
suwa,1642,1
suwa,1643,1
suwa,1644,1
suwa,1645,1
suwa,1646,1
suwa,1647,1
suwa,1648,1
suwa,1649,1
suwa,1650,1
suwa,1651,1
suwa,1652,1
suwa,1653,1
suwa,1654,1
suwa,1655,1
suwa,1656,1
suwa,1657,1
suwa,1658,1
suwa,1659,1
suwa,1660,1
suwa,1661,1
suwa,1662,1
suwa,1663,1
suwa,1664,1
suwa,1665,1
suwa,1666,1
suwa,1667,1
suwa,1668,1
suwa,1669,1
suwa,1670,1
suwa,1671,0
suwa,1672,1
suwa,1673,1
suwa,1674,1
suwa,1675,1
suwa,1676,1
suwa,1677,1
suwa,1678,1
suwa,1679,1
suwa,1680,1
suwa,1681,1
suwa,1683,1
suwa,1684,1
suwa,1685,1
suwa,1686,1
suwa,1687,1
suwa,1688,1
suwa,1689,1
suwa,1690,1
suwa,1691,1
suwa,1692,1
suwa,1693,1
suwa,1694,1
suwa,1695,1
suwa,1696,1
suwa,1697,1
suwa,1698,1
suwa,1699,1
suwa,1700,1
suwa,1701,1
suwa,1702,0
suwa,1703,1
suwa,1704,1
suwa,1705,1
suwa,1706,1
suwa,1707,1
suwa,1708,1
suwa,1709,1
suwa,1711,1
suwa,1712,1
suwa,1713,1
suwa,1714,1
suwa,1715,1
suwa,1716,1
suwa,1717,1
suwa,1718,1
suwa,1719,1
suwa,1720,1
suwa,1721,1
suwa,1722,1
suwa,1723,1
suwa,1724,0
suwa,1725,1
suwa,1726,1
suwa,1727,1
suwa,1728,1
suwa,1729,1
suwa,1730,1
suwa,1731,1
suwa,1732,1
suwa,1733,1
suwa,1734,0
suwa,1735,1
suwa,1736,1
suwa,1737,0
suwa,1738,1
suwa,1739,1
suwa,1740,1
suwa,1741,1
suwa,1742,1
suwa,1743,1
suwa,1744,1
suwa,1745,1
suwa,1746,1
suwa,1747,1
suwa,1748,1
suwa,1749,1
suwa,1750,1
suwa,1751,1
suwa,1752,1
suwa,1753,1
suwa,1754,1
suwa,1755,1
suwa,1756,1
suwa,1757,1
suwa,1758,1
suwa,1759,0
suwa,1760,1
suwa,1761,1
suwa,1762,1
suwa,1763,1
suwa,1764,1
suwa,1765,1
suwa,1766,1
suwa,1767,1
suwa,1768,1
suwa,1769,1
suwa,1770,0
suwa,1771,1
suwa,1772,1
suwa,1773,1
suwa,1774,1
suwa,1775,1
suwa,1776,1
suwa,1777,1
suwa,1778,1
suwa,1779,1
suwa,1780,1
suwa,1781,1
suwa,1782,1
suwa,1783,1
suwa,1784,1
suwa,1785,1
suwa,1786,1
suwa,1787,1
suwa,1788,1
suwa,1789,1
suwa,1790,1
suwa,1791,1
suwa,1792,1
suwa,1793,0
suwa,1794,1
suwa,1795,1
suwa,1796,1
suwa,1797,1
suwa,1798,1
suwa,1799,0
suwa,1800,1
suwa,1801,1
suwa,1802,0
suwa,1803,1
suwa,1804,0
suwa,1805,1
suwa,1806,1
suwa,1807,1
suwa,1808,1
suwa,1809,1
suwa,1810,1
suwa,1811,1
suwa,1812,1
suwa,1813,1
suwa,1814,1
suwa,1815,1
suwa,1816,1
suwa,1817,1
suwa,1818,1
suwa,1819,1
suwa,1820,1
suwa,1821,1
suwa,1822,1
suwa,1823,1
suwa,1825,1
suwa,1826,1
suwa,1827,1
suwa,1828,1
suwa,1829,1
suwa,1830,1
suwa,1831,1
suwa,1832,1
suwa,1833,1
suwa,1834,1
suwa,1835,1
suwa,1836,1
suwa,1837,1
suwa,1838,1
suwa,1839,1
suwa,1840,1
suwa,1841,1
suwa,1842,0
suwa,1843,1
suwa,1844,0
suwa,1845,1
suwa,1846,1
suwa,1847,1
suwa,1848,1
suwa,1849,1
suwa,1850,1
suwa,1851,1
suwa,1852,1
suwa,1853,1
suwa,1854,1
suwa,1855,1
suwa,1856,1
suwa,1857,1
suwa,1858,1
suwa,1859,1
suwa,1860,1
suwa,1861,1
suwa,1862,1
suwa,1863,1
suwa,1865,0
suwa,1866,0
suwa,1867,0
suwa,1868,0
suwa,1869,1
suwa,1870,1
suwa,1871,1
suwa,1872,1
suwa,1873,1
suwa,1874,1
suwa,1875,1
suwa,1876,1
suwa,1877,1
suwa,1878,1
suwa,1879,0
suwa,1880,1
suwa,1881,1
suwa,1882,1
suwa,1883,1
suwa,1884,1
suwa,1885,1
suwa,1886,1
suwa,1887,1
suwa,1888,1
suwa,1889,0
suwa,1890,1
suwa,1891,1
suwa,1892,1
suwa,1893,1
suwa,1894,1
suwa,1895,1
suwa,1896,1
suwa,1897,1
suwa,1898,1
suwa,1899,1
suwa,1900,1
suwa,1901,1
suwa,1902,1
suwa,1903,1
suwa,1904,1
suwa,1905,1
suwa,1906,1
suwa,1907,1
suwa,1908,1
suwa,1909,1
suwa,1910,1
suwa,1911,1
suwa,1912,1
suwa,1913,1
suwa,1914,1
suwa,1915,0
suwa,1916,1
suwa,1917,1
suwa,1918,1
suwa,1919,1
suwa,1920,1
suwa,1921,1
suwa,1922,1
suwa,1923,1
suwa,1924,1
suwa,1925,1
suwa,1926,1
suwa,1927,1
suwa,1928,1
suwa,1929,1
suwa,1930,1
suwa,1931,0
suwa,1932,1
suwa,1933,1
suwa,1934,1
suwa,1935,1
suwa,1936,1
suwa,1937,1
suwa,1938,1
suwa,1939,1
suwa,1940,1
suwa,1941,1
suwa,1942,1
suwa,1943,1
suwa,1944,1
suwa,1945,1
suwa,1946,1
suwa,1947,1
suwa,1948,0
suwa,1949,1
suwa,1950,1
suwa,1951,1
suwa,1952,1
suwa,1953,1
suwa,1954,1
suwa,1955,1
suwa,1956,1
suwa,1957,1
suwa,1958,1
suwa,1959,1
suwa,1960,1
suwa,1961,0
suwa,1962,1
suwa,1963,1
suwa,1964,1
suwa,1965,1
suwa,1966,1
suwa,1967,1
suwa,1968,1
suwa,1969,1
suwa,1970,1
suwa,1971,0
suwa,1972,1
suwa,1973,1
suwa,1974,1
suwa,1975,1
suwa,1976,1
suwa,1977,1
suwa,1978,0
suwa,1979,1
suwa,1980,1
suwa,1981,1
suwa,1982,1
suwa,1983,1
suwa,1984,1
suwa,1985,1
suwa,1986,0
suwa,1987,1
suwa,1988,0
suwa,1989,1
suwa,1990,1
suwa,1991,0
suwa,1992,0
suwa,1993,0
suwa,1994,0
suwa,1995,1
suwa,1996,1
suwa,1997,1
suwa,1998,1
suwa,1999,0
suwa,2000,1
suwa,2001,0
suwa,2002,1
suwa,2003,1
suwa,2004,0
suwa,2005,1
suwa,2006,0
suwa,2007,1
suwa,2008,0
suwa,2009,0
suwa,2010,1
suwa,2011,1
suwa,2012,1
suwa,2013,0
suwa,2014,0
suwa,2015,0
suwa,2016,0
suwa,2017,1
suwa,2018,0
mjosa_-_kisa-kapp,1865,1
mjosa_-_kisa-kapp,1866,1
mjosa_-_kisa-kapp,1867,1
mjosa_-_kisa-kapp,1868,1
mjosa_-_kisa-kapp,1869,1
mjosa_-_kisa-kapp,1870,1
mjosa_-_kisa-kapp,1871,1
mjosa_-_kisa-kapp,1872,1
mjosa_-_kisa-kapp,1873,0
mjosa_-_kisa-kapp,1874,1
mjosa_-_kisa-kapp,1875,1
mjosa_-_kisa-kapp,1876,1
mjosa_-_kisa-kapp,1877,1
mjosa_-_kisa-kapp,1878,1
mjosa_-_kisa-kapp,1879,1
mjosa_-_kisa-kapp,1880,1
mjosa_-_kisa-kapp,1881,0
mjosa_-_kisa-kapp,1882,1
mjosa_-_kisa-kapp,1883,1
mjosa_-_kisa-kapp,1884,1
mjosa_-_kisa-kapp,1885,1
mjosa_-_kisa-kapp,1886,1
mjosa_-_kisa-kapp,1887,1
mjosa_-_kisa-kapp,1888,1
mjosa_-_kisa-kapp,1889,1
mjosa_-_kisa-kapp,1890,1
mjosa_-_kisa-kapp,1891,1
mjosa_-_kisa-kapp,1892,1
mjosa_-_kisa-kapp,1893,1
mjosa_-_kisa-kapp,1894,1
mjosa_-_kisa-kapp,1895,1
mjosa_-_kisa-kapp,1896,1
mjosa_-_kisa-kapp,1897,0
mjosa_-_kisa-kapp,1898,1
mjosa_-_kisa-kapp,1899,1
mjosa_-_kisa-kapp,1907,1
mjosa_-_kisa-kapp,1908,1
mjosa_-_kisa-kapp,1909,1
mjosa_-_kisa-kapp,1910,1
mjosa_-_kisa-kapp,1911,1
mjosa_-_kisa-kapp,1912,1
mjosa_-_kisa-kapp,1913,1
mjosa_-_kisa-kapp,1914,1
mjosa_-_kisa-kapp,1915,1
mjosa_-_kisa-kapp,1916,1
mjosa_-_kisa-kapp,1917,1
mjosa_-_kisa-kapp,1918,1
mjosa_-_kisa-kapp,1919,1
mjosa_-_kisa-kapp,1920,1
mjosa_-_kisa-kapp,1921,1
mjosa_-_kisa-kapp,1922,1
mjosa_-_kisa-kapp,1923,1
mjosa_-_kisa-kapp,1924,0
mjosa_-_kisa-kapp,1925,1
mjosa_-_kisa-kapp,1926,1
mjosa_-_kisa-kapp,1927,1
mjosa_-_kisa-kapp,1928,1
mjosa_-_kisa-kapp,1929,0
mjosa_-_kisa-kapp,1930,0
mjosa_-_kisa-kapp,1931,0
mjosa_-_kisa-kapp,1932,1
mjosa_-_kisa-kapp,1933,0
mjosa_-_kisa-kapp,1934,0
mjosa_-_kisa-kapp,1935,1
mjosa_-_kisa-kapp,1936,1
mjosa_-_kisa-kapp,1937,0
mjosa_-_kisa-kapp,1938,0
mjosa_-_kisa-kapp,1939,1
mjosa_-_kisa-kapp,1940,1
mjosa_-_kisa-kapp,1941,1
mjosa_-_kisa-kapp,1942,0
mjosa_-_kisa-kapp,1943,0
mjosa_-_kisa-kapp,1944,0
mjosa_-_kisa-kapp,1945,1
mjosa_-_kisa-kapp,1946,1
mjosa_-_kisa-kapp,1947,1
mjosa_-_kisa-kapp,1948,0
mjosa_-_kisa-kapp,1949,0
mjosa_-_kisa-kapp,1950,1
mjosa_-_kisa-kapp,1951,1
mjosa_-_kisa-kapp,1952,1
mjosa_-_kisa-kapp,1953,1
mjosa_-_kisa-kapp,1954,1
mjosa_-_kisa-kapp,1955,1
mjosa_-_kisa-kapp,1956,1
mjosa_-_kisa-kapp,1957,1
mjosa_-_kisa-kapp,1958,1
mjosa_-_kisa-kapp,1959,1
mjosa_-_kisa-kapp,1960,1
mjosa_-_kisa-kapp,1961,0
mjosa_-_kisa-kapp,1962,1
mjosa_-_kisa-kapp,1963,1
mjosa_-_kisa-kapp,1964,0
mjosa_-_kisa-kapp,1965,1
mjosa_-_kisa-kapp,1966,1
mjosa_-_kisa-kapp,1967,1
mjosa_-_kisa-kapp,1968,1
mjosa_-_kisa-kapp,1969,1
mjosa_-_kisa-kapp,1970,1
mjosa_-_kisa-kapp,1971,1
mjosa_-_kisa-kapp,1972,0
mjosa_-_kisa-kapp,1973,0
mjosa_-_kisa-kapp,1974,0
mjosa_-_kisa-kapp,1975,1
mjosa_-_kisa-kapp,1976,1
mjosa_-_kisa-kapp,1977,1
mjosa_-_kisa-kapp,1978,1
mjosa_-_kisa-kapp,1979,1
mjosa_-_kisa-kapp,1980,1
mjosa_-_kisa-kapp,1981,1
mjosa_-_kisa-kapp,1982,1
mjosa_-_kisa-kapp,1983,1
mjosa_-_kisa-kapp,1984,1
mjosa_-_kisa-kapp,1985,1
mjosa_-_kisa-kapp,1986,1
mjosa_-_kisa-kapp,1987,0
mjosa_-_kisa-kapp,1988,0
mjosa_-_kisa-kapp,1989,0
mjosa_-_kisa-kapp,1990,1
mjosa_-_kisa-kapp,1991,0
mjosa_-_kisa-kapp,1992,0
mjosa_-_kisa-kapp,1993,1
mjosa_-_kisa-kapp,1994,0
mjosa_-_kisa-kapp,1995,1
mjosa_-_kisa-kapp,1996,0
sebago,1806,1
sebago,1811,1
sebago,1815,1
sebago,1818,1
sebago,1819,1
sebago,1820,1
sebago,1821,1
sebago,1822,1
sebago,1823,1
sebago,1824,1
sebago,1825,1
sebago,1833,1
sebago,1836,1
sebago,1839,1
sebago,1840,1
sebago,1841,1
sebago,1842,1
sebago,1843,1
sebago,1844,1
sebago,1845,1
sebago,1848,1
sebago,1850,1
sebago,1851,1
sebago,1852,1
sebago,1854,1
sebago,1855,1
sebago,1856,1
sebago,1857,1
sebago,1861,1
sebago,1862,1
sebago,1865,1
sebago,1866,1
sebago,1870,1
sebago,1871,1
sebago,1872,1
sebago,1873,1
sebago,1874,1
sebago,1875,1
sebago,1876,1
sebago,1877,1
sebago,1878,1
sebago,1879,1
sebago,1880,1
sebago,1881,1
sebago,1882,1
sebago,1883,1
sebago,1884,1
sebago,1885,1
sebago,1886,1
sebago,1887,1
sebago,1888,1
sebago,1889,1
sebago,1890,1
sebago,1891,1
sebago,1892,1
sebago,1893,1
sebago,1894,1
sebago,1895,1
sebago,1896,1
sebago,1897,1
sebago,1898,1
sebago,1899,1
sebago,1900,1
sebago,1901,1
sebago,1902,1
sebago,1903,1
sebago,1904,1
sebago,1905,1
sebago,1906,1
sebago,1907,1
sebago,1908,1
sebago,1909,1
sebago,1910,1
sebago,1911,1
sebago,1912,1
sebago,1913,1
sebago,1914,1
sebago,1915,1
sebago,1916,1
sebago,1917,1
sebago,1918,1
sebago,1919,1
sebago,1920,1
sebago,1921,1
sebago,1922,1
sebago,1923,1
sebago,1924,1
sebago,1925,1
sebago,1926,1
sebago,1927,1
sebago,1928,1
sebago,1929,1
sebago,1930,1
sebago,1931,1
sebago,1932,1
sebago,1933,1
sebago,1934,1
sebago,1935,1
sebago,1936,0
sebago,1937,1
sebago,1938,1
sebago,1939,1
sebago,1940,1
sebago,1941,1
sebago,1942,1
sebago,1943,1
sebago,1944,1
sebago,1945,1
sebago,1946,0
sebago,1947,1
sebago,1948,0
sebago,1949,1
sebago,1950,0
sebago,1951,1
sebago,1952,0
sebago,1953,1
sebago,1955,1
sebago,1956,1
sebago,1957,1
sebago,1958,1
sebago,1960,0
sebago,1961,1
sebago,1962,1
sebago,1963,1
sebago,1964,1
sebago,1965,1
sebago,1966,1
sebago,1967,1
sebago,1968,1
sebago,1969,1
sebago,1970,1
sebago,1971,1
sebago,1972,1
sebago,1973,1
sebago,1974,1
sebago,1975,1
sebago,1976,1
sebago,1977,1
sebago,1978,1
sebago,1979,1
sebago,1980,1
sebago,1981,1
sebago,1982,1
sebago,1983,1
sebago,1984,1
sebago,1985,1
sebago,1986,1
sebago,1987,1
sebago,1988,1
sebago,1989,1
sebago,1990,0
sebago,1991,1
sebago,1992,1
sebago,1993,1
sebago,1994,1
sebago,1995,1
sebago,1996,1
sebago,1997,0
sebago,1998,0
sebago,1999,1
sebago,2000,1
sebago,2001,0
sebago,2002,1
sebago,2003,1
sebago,2004,1
sebago,2005,1
sebago,2006,1
sebago,2007,1
sebago,2008,1
sebago,2009,0
sebago,2010,1
sebago,2011,0
sebago,2012,0
sebago,2013,1
sebago,2014,1
sebago,2015,0
sebago,2016,1
sebago,2017,1
sebago,2018,1
george,1907,1
george,1908,1
george,1909,1
george,1910,1
george,1911,1
george,1912,1
george,1913,1
george,1914,1
george,1915,1
george,1916,1
george,1917,1
george,1918,0
george,1919,1
george,1920,1
george,1921,1
george,1922,1
george,1923,1
george,1924,1
george,1925,1
george,1926,1
george,1927,1
george,1928,1
george,1929,1
george,1930,1
george,1931,1
george,1932,1
george,1933,1
george,1934,1
george,1935,1
george,1936,1
george,1937,1
george,1938,1
george,1939,1
george,1940,1
george,1941,1
george,1942,1
george,1943,1
george,1944,1
george,1945,1
george,1946,1
george,1947,1
george,1948,1
george,1949,1
george,1950,1
george,1951,1
george,1952,1
george,1953,1
george,1954,1
george,1955,1
george,1956,1
george,1957,1
george,1958,1
george,1959,1
george,1960,1
george,1961,1
george,1962,1
george,1963,1
george,1964,1
george,1965,1
george,1966,1
george,1967,1
george,1968,1
george,1969,1
george,1970,1
george,1971,1
george,1972,1
george,1973,1
george,1974,1
george,1975,1
george,1976,1
george,1977,1
george,1978,1
george,1979,1
george,1980,1
george,1981,1
george,1982,1
george,1983,1
george,1984,1
george,1985,1
george,1986,1
george,1987,1
george,1988,1
george,1989,1
george,1990,0
george,1991,1
george,1992,1
george,1993,1
george,1994,0
george,1995,1
george,1996,0
george,1997,0
george,1998,0
george,1999,1
george,2000,0
george,2001,0
george,2002,1
george,2003,1
george,2004,1
george,2005,1
george,2006,1
george,2007,1
george,2008,1
george,2009,1
george,2010,1
george,2011,0
george,2012,0
george,2013,1
george,2014,1
george,2015,0
george,2016,1
george,2017,0
george,2018,1
grand_traverse_bay,1850,0
grand_traverse_bay,1851,1
grand_traverse_bay,1852,1
grand_traverse_bay,1853,1
grand_traverse_bay,1854,0
grand_traverse_bay,1855,1
grand_traverse_bay,1856,1
grand_traverse_bay,1857,1
grand_traverse_bay,1858,1
grand_traverse_bay,1859,1
grand_traverse_bay,1860,1
grand_traverse_bay,1861,1
grand_traverse_bay,1862,0
grand_traverse_bay,1863,1
grand_traverse_bay,1864,1
grand_traverse_bay,1865,1
grand_traverse_bay,1866,1
grand_traverse_bay,1867,1
grand_traverse_bay,1868,1
grand_traverse_bay,1869,1
grand_traverse_bay,1870,1
grand_traverse_bay,1871,1
grand_traverse_bay,1872,1
grand_traverse_bay,1873,1
grand_traverse_bay,1874,1
grand_traverse_bay,1875,1
grand_traverse_bay,1876,1
grand_traverse_bay,1877,0
grand_traverse_bay,1878,1
grand_traverse_bay,1879,0
grand_traverse_bay,1880,1
grand_traverse_bay,1881,0
grand_traverse_bay,1882,1
grand_traverse_bay,1883,1
grand_traverse_bay,1884,1
grand_traverse_bay,1885,1
grand_traverse_bay,1886,1
grand_traverse_bay,1887,1
grand_traverse_bay,1888,1
grand_traverse_bay,1889,1
grand_traverse_bay,1890,1
grand_traverse_bay,1891,1
grand_traverse_bay,1892,1
grand_traverse_bay,1893,1
grand_traverse_bay,1894,1
grand_traverse_bay,1895,1
grand_traverse_bay,1896,1
grand_traverse_bay,1897,1
grand_traverse_bay,1898,1
grand_traverse_bay,1899,1
grand_traverse_bay,1900,1
grand_traverse_bay,1901,1
grand_traverse_bay,1902,0
grand_traverse_bay,1903,1
grand_traverse_bay,1904,1
grand_traverse_bay,1905,1
grand_traverse_bay,1906,1
grand_traverse_bay,1907,1
grand_traverse_bay,1908,1
grand_traverse_bay,1909,1
grand_traverse_bay,1910,0
grand_traverse_bay,1911,1
grand_traverse_bay,1912,1
grand_traverse_bay,1913,1
grand_traverse_bay,1914,1
grand_traverse_bay,1915,1
grand_traverse_bay,1916,1
grand_traverse_bay,1917,1
grand_traverse_bay,1918,0
grand_traverse_bay,1919,1
grand_traverse_bay,1920,0
grand_traverse_bay,1921,1
grand_traverse_bay,1922,1
grand_traverse_bay,1923,1
grand_traverse_bay,1924,1
grand_traverse_bay,1925,1
grand_traverse_bay,1926,1
grand_traverse_bay,1927,1
grand_traverse_bay,1928,1
grand_traverse_bay,1929,1
grand_traverse_bay,1930,0
grand_traverse_bay,1931,0
grand_traverse_bay,1932,1
grand_traverse_bay,1933,1
grand_traverse_bay,1934,1
grand_traverse_bay,1935,1
grand_traverse_bay,1936,1
grand_traverse_bay,1937,1
grand_traverse_bay,1938,1
grand_traverse_bay,1939,0
grand_traverse_bay,1940,1
grand_traverse_bay,1941,1
grand_traverse_bay,1942,1
grand_traverse_bay,1943,1
grand_traverse_bay,1944,1
grand_traverse_bay,1945,1
grand_traverse_bay,1946,1
grand_traverse_bay,1947,1
grand_traverse_bay,1948,0
grand_traverse_bay,1949,1
grand_traverse_bay,1950,1
grand_traverse_bay,1951,1
grand_traverse_bay,1952,0
grand_traverse_bay,1953,0
grand_traverse_bay,1954,0
grand_traverse_bay,1955,1
grand_traverse_bay,1956,1
grand_traverse_bay,1957,1
grand_traverse_bay,1958,1
grand_traverse_bay,1959,1
grand_traverse_bay,1960,1
grand_traverse_bay,1961,1
grand_traverse_bay,1962,1
grand_traverse_bay,1963,0
grand_traverse_bay,1964,1
grand_traverse_bay,1965,1
grand_traverse_bay,1966,1
grand_traverse_bay,1967,1
grand_traverse_bay,1968,1
grand_traverse_bay,1969,1
grand_traverse_bay,1970,1
grand_traverse_bay,1971,1
grand_traverse_bay,1972,1
grand_traverse_bay,1973,0
grand_traverse_bay,1974,0
grand_traverse_bay,1975,0
grand_traverse_bay,1976,1
grand_traverse_bay,1977,1
grand_traverse_bay,1978,1
grand_traverse_bay,1979,1
grand_traverse_bay,1980,1
grand_traverse_bay,1981,1
grand_traverse_bay,1982,0
grand_traverse_bay,1983,1
grand_traverse_bay,1984,1
grand_traverse_bay,1985,1
grand_traverse_bay,1986,0
grand_traverse_bay,1987,0
grand_traverse_bay,1988,1
grand_traverse_bay,1989,0
grand_traverse_bay,1990,0
grand_traverse_bay,1991,0
grand_traverse_bay,1992,1
grand_traverse_bay,1993,1
grand_traverse_bay,1994,0
grand_traverse_bay,1995,1
grand_traverse_bay,1996,0
grand_traverse_bay,1997,0
grand_traverse_bay,1998,0
grand_traverse_bay,1999,0
grand_traverse_bay,2000,0
grand_traverse_bay,2001,0
grand_traverse_bay,2002,1
grand_traverse_bay,2003,0
grand_traverse_bay,2004,0
grand_traverse_bay,2005,0
grand_traverse_bay,2006,0
grand_traverse_bay,2007,0
grand_traverse_bay,2008,1
grand_traverse_bay,2009,0
grand_traverse_bay,2010,0
grand_traverse_bay,2011,0
grand_traverse_bay,2013,1
grand_traverse_bay,2014,1
grand_traverse_bay,2015,0
grand_traverse_bay,2016,0
champlain,1815,1
champlain,1816,1
champlain,1817,1
champlain,1818,1
champlain,1819,1
champlain,1820,1
champlain,1821,1
champlain,1822,1
champlain,1823,1
champlain,1824,1
champlain,1825,1
champlain,1826,1
champlain,1827,0
champlain,1828,1
champlain,1829,1
champlain,1830,1
champlain,1831,1
champlain,1832,1
champlain,1833,1
champlain,1834,1
champlain,1835,1
champlain,1836,1
champlain,1837,1
champlain,1838,1
champlain,1839,1
champlain,1840,1
champlain,1841,0
champlain,1842,1
champlain,1843,1
champlain,1844,1
champlain,1845,1
champlain,1846,1
champlain,1847,1
champlain,1848,1
champlain,1849,0
champlain,1850,1
champlain,1851,1
champlain,1852,1
champlain,1853,1
champlain,1854,1
champlain,1855,1
champlain,1856,1
champlain,1857,1
champlain,1858,1
champlain,1859,1
champlain,1860,1
champlain,1861,1
champlain,1862,1
champlain,1863,1
champlain,1864,1
champlain,1865,1
champlain,1866,1
champlain,1867,1
champlain,1868,1
champlain,1869,1
champlain,1870,1
champlain,1871,1
champlain,1872,1
champlain,1873,1
champlain,1874,1
champlain,1875,1
champlain,1876,1
champlain,1877,1
champlain,1878,1
champlain,1879,1
champlain,1880,1
champlain,1881,1
champlain,1882,1
champlain,1883,1
champlain,1884,1
champlain,1885,1
champlain,1886,1
champlain,1887,1
champlain,1888,1
champlain,1889,1
champlain,1890,1
champlain,1891,1
champlain,1892,1
champlain,1893,1
champlain,1894,1
champlain,1895,1
champlain,1896,1
champlain,1897,1
champlain,1898,1
champlain,1899,1
champlain,1900,1
champlain,1901,1
champlain,1902,1
champlain,1903,1
champlain,1904,1
champlain,1905,1
champlain,1906,1
champlain,1907,1
champlain,1908,1
champlain,1909,1
champlain,1910,1
champlain,1911,1
champlain,1912,1
champlain,1913,1
champlain,1914,1
champlain,1915,1
champlain,1916,1
champlain,1917,1
champlain,1918,0
champlain,1919,1
champlain,1920,1
champlain,1921,1
champlain,1922,1
champlain,1923,1
champlain,1924,1
champlain,1925,1
champlain,1926,1
champlain,1927,1
champlain,1928,1
champlain,1929,1
champlain,1930,1
champlain,1931,0
champlain,1932,0
champlain,1933,1
champlain,1934,1
champlain,1935,1
champlain,1936,1
champlain,1937,1
champlain,1938,1
champlain,1939,1
champlain,1940,1
champlain,1941,1
champlain,1942,1
champlain,1943,1
champlain,1944,1
champlain,1945,1
champlain,1946,1
champlain,1947,1
champlain,1948,0
champlain,1949,1
champlain,1950,1
champlain,1951,0
champlain,1952,0
champlain,1953,0
champlain,1954,1
champlain,1955,0
champlain,1956,0
champlain,1957,1
champlain,1958,1
champlain,1959,0
champlain,1960,1
champlain,1961,1
champlain,1962,1
champlain,1963,0
champlain,1964,0
champlain,1965,1
champlain,1966,1
champlain,1967,1
champlain,1968,1
champlain,1969,1
champlain,1970,1
champlain,1971,1
champlain,1972,1
champlain,1973,0
champlain,1974,0
champlain,1975,0
champlain,1976,1
champlain,1977,1
champlain,1978,1
champlain,1979,0
champlain,1980,1
champlain,1981,1
champlain,1982,0
champlain,1983,0
champlain,1984,0
champlain,1985,1
champlain,1986,1
champlain,1987,0
champlain,1988,1
champlain,1989,0
champlain,1990,0
champlain,1991,0
champlain,1992,1
champlain,1993,1
champlain,1994,0
champlain,1995,1
champlain,1996,0
champlain,1997,0
champlain,1998,0
champlain,1999,0
champlain,2000,1
champlain,2001,0
champlain,2002,1
champlain,2003,1
champlain,2004,1
champlain,2005,0
champlain,2006,1
champlain,2007,0
champlain,2008,0
champlain,2009,0
champlain,2010,0
champlain,2011,0
champlain,2012,0
champlain,2013,1
champlain,2014,1
champlain,2015,0
champlain,2016,0
champlain,2017,0
champlain,2018,1
murtensee,1900,1
murtensee,1901,0
murtensee,1902,0
murtensee,1903,0
murtensee,1904,0
murtensee,1905,0
murtensee,1906,1
murtensee,1907,1
murtensee,1908,1
murtensee,1909,0
murtensee,1910,1
murtensee,1911,0
murtensee,1912,0
murtensee,1913,1
murtensee,1914,0
murtensee,1915,0
murtensee,1916,1
murtensee,1917,1
murtensee,1918,1
murtensee,1919,0
murtensee,1920,0
murtensee,1921,0
murtensee,1922,0
murtensee,1923,0
murtensee,1924,0
murtensee,1925,0
murtensee,1926,0
murtensee,1927,0
murtensee,1928,1
murtensee,1929,0
murtensee,1930,0
murtensee,1931,1
murtensee,1932,1
murtensee,1933,1
murtensee,1934,0
murtensee,1935,0
murtensee,1936,0
murtensee,1937,0
murtensee,1938,0
murtensee,1939,1
murtensee,1940,1
murtensee,1941,1
murtensee,1942,0
murtensee,1943,0
murtensee,1944,1
murtensee,1945,0
murtensee,1946,1
murtensee,1947,0
murtensee,1948,0
murtensee,1949,0
murtensee,1950,0
murtensee,1951,1
murtensee,1952,0
murtensee,1953,1
murtensee,1954,0
murtensee,1955,1
murtensee,1956,1
murtensee,1957,0
murtensee,1958,0
murtensee,1959,0
murtensee,1960,0
murtensee,1961,0
murtensee,1962,1
murtensee,1963,1
murtensee,1964,1
murtensee,1965,0
murtensee,1966,0
murtensee,1967,0
murtensee,1968,0
murtensee,1969,0
murtensee,1970,1
murtensee,1971,0
murtensee,1972,0
murtensee,1973,0
murtensee,1974,0
murtensee,1975,0
murtensee,1976,0
murtensee,1977,0
murtensee,1978,0
murtensee,1979,0
murtensee,1980,1
murtensee,1981,0
murtensee,1982,0
murtensee,1983,0
murtensee,1984,1
murtensee,1985,0
murtensee,1986,0
murtensee,1987,0
murtensee,1988,0
murtensee,1989,0
murtensee,1990,0
murtensee,1991,0
murtensee,1992,0
murtensee,1993,0
murtensee,1994,0
murtensee,1995,0
murtensee,1996,0
murtensee,1997,0
murtensee,1998,0
murtensee,1999,0
murtensee,2000,0
murtensee,2001,0
murtensee,2002,0
murtensee,2003,0
murtensee,2004,0
murtensee,2005,1
murtensee,2006,0
murtensee,2007,0
murtensee,2008,0
murtensee,2009,0
murtensee,2010,0
murtensee,2011,1
murtensee,2012,0
murtensee,2013,0
murtensee,2014,0
murtensee,2015,0
murtensee,2016,0
murtensee,2017,0
murtensee,2018,0
baldeggersee,1890,1
baldeggersee,1891,0
baldeggersee,1893,1
baldeggersee,1894,1
baldeggersee,1895,1
baldeggersee,1896,1
baldeggersee,1897,0
baldeggersee,1898,0
baldeggersee,1899,0
baldeggersee,1900,1
baldeggersee,1901,1
baldeggersee,1902,1
baldeggersee,1903,0
baldeggersee,1904,0
baldeggersee,1905,0
baldeggersee,1906,1
baldeggersee,1907,0
baldeggersee,1908,1
baldeggersee,1909,0
baldeggersee,1910,1
baldeggersee,1911,0
baldeggersee,1912,0
baldeggersee,1913,1
baldeggersee,1914,0
baldeggersee,1915,0
baldeggersee,1916,1
baldeggersee,1917,1
baldeggersee,1918,0
baldeggersee,1919,0
baldeggersee,1920,0
baldeggersee,1921,0
baldeggersee,1922,0
baldeggersee,1923,0
baldeggersee,1924,0
baldeggersee,1925,0
baldeggersee,1926,0
baldeggersee,1927,0
baldeggersee,1928,1
baldeggersee,1929,0
baldeggersee,1930,0
baldeggersee,1931,1
baldeggersee,1932,0
baldeggersee,1933,1
baldeggersee,1934,0
baldeggersee,1935,0
baldeggersee,1936,0
baldeggersee,1937,0
baldeggersee,1938,0
baldeggersee,1939,1
baldeggersee,1940,1
baldeggersee,1941,1
baldeggersee,1942,0
baldeggersee,1943,0
baldeggersee,1944,1
baldeggersee,1945,0
baldeggersee,1946,1
baldeggersee,1947,0
baldeggersee,1948,0
baldeggersee,1949,0
baldeggersee,1950,0
baldeggersee,1951,0
baldeggersee,1952,0
baldeggersee,1953,1
baldeggersee,1954,0
baldeggersee,1955,1
baldeggersee,1956,0
baldeggersee,1957,0
baldeggersee,1958,0
baldeggersee,1959,0
baldeggersee,1960,0
baldeggersee,1961,0
baldeggersee,1962,1
baldeggersee,1963,1
baldeggersee,1964,1
baldeggersee,1965,1
baldeggersee,1966,0
baldeggersee,1967,0
baldeggersee,1968,0
baldeggersee,1969,0
baldeggersee,1970,1
baldeggersee,1971,0
baldeggersee,1972,0
baldeggersee,1973,0
baldeggersee,1974,0
baldeggersee,1975,0
baldeggersee,1976,0
baldeggersee,1977,0
baldeggersee,1978,0
baldeggersee,1979,0
baldeggersee,1980,1
baldeggersee,1981,0
baldeggersee,1982,0
baldeggersee,1983,0
baldeggersee,1984,1
baldeggersee,1985,1
baldeggersee,1986,0
baldeggersee,1987,0
baldeggersee,1988,0
baldeggersee,1989,0
baldeggersee,1990,0
baldeggersee,1991,0
baldeggersee,1992,0
baldeggersee,1993,0
baldeggersee,1994,0
baldeggersee,1995,0
baldeggersee,1996,0
baldeggersee,1997,0
baldeggersee,1998,0
baldeggersee,1999,0
baldeggersee,2000,0
baldeggersee,2001,0
baldeggersee,2002,0
baldeggersee,2003,0
baldeggersee,2004,1
baldeggersee,2005,0
baldeggersee,2006,0
baldeggersee,2007,0
baldeggersee,2008,0
baldeggersee,2009,0
baldeggersee,2010,0
baldeggersee,2011,0
baldeggersee,2012,0
baldeggersee,2013,0
baldeggersee,2014,0
baldeggersee,2015,0
baldeggersee,2016,0
baldeggersee,2017,0
baldeggersee,2018,0
sarnersee,1890,1
sarnersee,1891,0
sarnersee,1892,1
sarnersee,1893,1
sarnersee,1894,1
sarnersee,1895,1
sarnersee,1896,0
sarnersee,1897,0
sarnersee,1898,0
sarnersee,1899,0
sarnersee,1900,1
sarnersee,1901,0
sarnersee,1902,0
sarnersee,1903,0
sarnersee,1904,0
sarnersee,1905,0
sarnersee,1906,0
sarnersee,1907,0
sarnersee,1908,1
sarnersee,1909,0
sarnersee,1910,0
sarnersee,1911,0
sarnersee,1912,0
sarnersee,1913,1
sarnersee,1914,0
sarnersee,1915,0
sarnersee,1916,0
sarnersee,1917,1
sarnersee,1918,0
sarnersee,1919,0
sarnersee,1920,0
sarnersee,1921,0
sarnersee,1922,0
sarnersee,1923,0
sarnersee,1924,0
sarnersee,1925,0
sarnersee,1926,0
sarnersee,1927,0
sarnersee,1928,1
sarnersee,1929,0
sarnersee,1930,0
sarnersee,1931,0
sarnersee,1932,0
sarnersee,1933,1
sarnersee,1934,0
sarnersee,1935,0
sarnersee,1936,0
sarnersee,1937,0
sarnersee,1938,0
sarnersee,1939,1
sarnersee,1940,1
sarnersee,1941,1
sarnersee,1942,0
sarnersee,1943,0
sarnersee,1944,1
sarnersee,1945,0
sarnersee,1946,1
sarnersee,1947,0
sarnersee,1948,0
sarnersee,1949,0
sarnersee,1950,0
sarnersee,1951,0
sarnersee,1952,0
sarnersee,1953,1
sarnersee,1954,0
sarnersee,1955,1
sarnersee,1956,0
sarnersee,1957,0
sarnersee,1958,0
sarnersee,1959,0
sarnersee,1960,0
sarnersee,1961,0
sarnersee,1962,1
sarnersee,1963,0
sarnersee,1964,0
sarnersee,1965,0
sarnersee,1966,0
sarnersee,1967,0
sarnersee,1968,0
sarnersee,1969,0
sarnersee,1970,0
sarnersee,1971,0
sarnersee,1972,0
sarnersee,1973,0
sarnersee,1974,0
sarnersee,1975,0
sarnersee,1976,0
sarnersee,1977,0
sarnersee,1978,0
sarnersee,1979,0
sarnersee,1980,1
sarnersee,1981,0
sarnersee,1982,0
sarnersee,1983,0
sarnersee,1984,0
sarnersee,1985,0
sarnersee,1986,0
sarnersee,1987,0
sarnersee,1988,0
sarnersee,1989,0
sarnersee,1990,0
sarnersee,1991,0
sarnersee,1992,0
sarnersee,1993,0
sarnersee,1994,0
sarnersee,1995,0
sarnersee,1996,0
sarnersee,1997,0
sarnersee,1998,0
sarnersee,1999,0
sarnersee,2000,0
sarnersee,2001,0
sarnersee,2002,0
sarnersee,2003,0
sarnersee,2004,0
sarnersee,2005,0
sarnersee,2006,0
sarnersee,2007,0
sarnersee,2008,0
sarnersee,2009,0
sarnersee,2010,0
sarnersee,2011,0
sarnersee,2012,0
sarnersee,2013,0
sarnersee,2014,0
sarnersee,2015,0
sarnersee,2016,0
sarnersee,2017,0
sarnersee,2018,0
hallwilersee,1890,1
hallwilersee,1891,0
hallwilersee,1893,0
hallwilersee,1894,1
hallwilersee,1895,1
hallwilersee,1896,0
hallwilersee,1897,0
hallwilersee,1898,0
hallwilersee,1899,0
hallwilersee,1900,1
hallwilersee,1901,0
hallwilersee,1902,1
hallwilersee,1903,0
hallwilersee,1904,0
hallwilersee,1905,0
hallwilersee,1906,1
hallwilersee,1907,0
hallwilersee,1908,1
hallwilersee,1909,0
hallwilersee,1910,0
hallwilersee,1911,0
hallwilersee,1912,0
hallwilersee,1913,1
hallwilersee,1914,0
hallwilersee,1915,0
hallwilersee,1916,1
hallwilersee,1917,0
hallwilersee,1918,0
hallwilersee,1919,0
hallwilersee,1920,0
hallwilersee,1921,1
hallwilersee,1922,0
hallwilersee,1923,0
hallwilersee,1924,0
hallwilersee,1925,0
hallwilersee,1926,0
hallwilersee,1927,0
hallwilersee,1928,1
hallwilersee,1929,0
hallwilersee,1930,0
hallwilersee,1931,1
hallwilersee,1932,0
hallwilersee,1933,1
hallwilersee,1934,0
hallwilersee,1935,0
hallwilersee,1936,0
hallwilersee,1937,0
hallwilersee,1938,0
hallwilersee,1939,1
hallwilersee,1940,1
hallwilersee,1941,1
hallwilersee,1942,0
hallwilersee,1943,0
hallwilersee,1944,1
hallwilersee,1945,0
hallwilersee,1946,1
hallwilersee,1947,0
hallwilersee,1948,0
hallwilersee,1949,0
hallwilersee,1950,0
hallwilersee,1951,0
hallwilersee,1952,0
hallwilersee,1953,1
hallwilersee,1954,0
hallwilersee,1955,1
hallwilersee,1956,0
hallwilersee,1957,0
hallwilersee,1958,0
hallwilersee,1959,0
hallwilersee,1960,0
hallwilersee,1961,0
hallwilersee,1962,1
hallwilersee,1963,1
hallwilersee,1964,1
hallwilersee,1965,1
hallwilersee,1966,0
hallwilersee,1967,0
hallwilersee,1968,0
hallwilersee,1969,0
hallwilersee,1970,1
hallwilersee,1971,0
hallwilersee,1972,0
hallwilersee,1973,0
hallwilersee,1974,0
hallwilersee,1975,0
hallwilersee,1976,0
hallwilersee,1977,0
hallwilersee,1978,0
hallwilersee,1979,0
hallwilersee,1980,1
hallwilersee,1981,0
hallwilersee,1982,0
hallwilersee,1983,0
hallwilersee,1984,1
hallwilersee,1985,1
hallwilersee,1986,0
hallwilersee,1987,0
hallwilersee,1988,0
hallwilersee,1989,0
hallwilersee,1990,0
hallwilersee,1991,0
hallwilersee,1992,0
hallwilersee,1993,0
hallwilersee,1994,0
hallwilersee,1995,0
hallwilersee,1996,0
hallwilersee,1997,0
hallwilersee,1998,0
hallwilersee,1999,0
hallwilersee,2000,0
hallwilersee,2001,0
hallwilersee,2002,0
hallwilersee,2003,0
hallwilersee,2004,0
hallwilersee,2005,0
hallwilersee,2006,0
hallwilersee,2007,0
hallwilersee,2008,0
hallwilersee,2009,0
hallwilersee,2010,0
hallwilersee,2011,0
hallwilersee,2012,0
hallwilersee,2013,0
hallwilersee,2014,0
hallwilersee,2015,0
hallwilersee,2016,0
hallwilersee,2017,0
hallwilersee,2018,0
greifensee,1900,1
greifensee,1901,0
greifensee,1902,1
greifensee,1903,0
greifensee,1904,1
greifensee,1905,1
greifensee,1906,1
greifensee,1907,1
greifensee,1908,1
greifensee,1909,0
greifensee,1910,1
greifensee,1911,0
greifensee,1912,0
greifensee,1913,1
greifensee,1914,0
greifensee,1915,0
greifensee,1916,1
greifensee,1917,1
greifensee,1918,1
greifensee,1919,0
greifensee,1920,0
greifensee,1921,1
greifensee,1922,0
greifensee,1923,1
greifensee,1924,0
greifensee,1925,0
greifensee,1926,1
greifensee,1927,0
greifensee,1928,1
greifensee,1929,0
greifensee,1930,1
greifensee,1931,1
greifensee,1932,1
greifensee,1933,1
greifensee,1934,0
greifensee,1935,0
greifensee,1936,0
greifensee,1937,1
greifensee,1938,0
greifensee,1939,1
greifensee,1940,1
greifensee,1941,1
greifensee,1942,0
greifensee,1943,0
greifensee,1944,1
greifensee,1945,0
greifensee,1946,1
greifensee,1947,0
greifensee,1948,1
greifensee,1949,0
greifensee,1950,0
greifensee,1951,1
greifensee,1952,1
greifensee,1953,1
greifensee,1954,0
greifensee,1955,1
greifensee,1956,1
greifensee,1957,0
greifensee,1958,1
greifensee,1959,1
greifensee,1960,0
greifensee,1961,0
greifensee,1962,1
greifensee,1963,1
greifensee,1964,1
greifensee,1965,1
greifensee,1966,0
greifensee,1967,1
greifensee,1968,0
greifensee,1969,0
greifensee,1970,1
greifensee,1971,0
greifensee,1972,0
greifensee,1973,0
greifensee,1974,0
greifensee,1975,0
greifensee,1976,0
greifensee,1977,0
greifensee,1978,1
greifensee,1979,0
greifensee,1980,1
greifensee,1981,0
greifensee,1982,0
greifensee,1983,0
greifensee,1984,1
greifensee,1985,1
greifensee,1986,1
greifensee,1987,0
greifensee,1988,0
greifensee,1989,0
greifensee,1990,1
greifensee,1991,0
greifensee,1992,0
greifensee,1993,0
greifensee,1994,0
greifensee,1995,0
greifensee,1996,1
greifensee,1997,0
greifensee,1998,1
greifensee,1999,0
greifensee,2000,0
greifensee,2001,0
greifensee,2002,1
greifensee,2003,0
greifensee,2004,1
greifensee,2005,1
greifensee,2006,0
greifensee,2007,0
greifensee,2008,0
greifensee,2009,0
greifensee,2010,0
greifensee,2011,1
greifensee,2012,0
greifensee,2013,0
greifensee,2014,0
greifensee,2015,0
greifensee,2016,1
greifensee,2017,0
greifensee,2018,0
untersee,1890,1
untersee,1891,0
untersee,1892,1
untersee,1893,1
untersee,1894,1
untersee,1895,0
untersee,1896,0
untersee,1897,0
untersee,1898,0
untersee,1899,0
untersee,1900,1
untersee,1901,0
untersee,1902,1
untersee,1903,0
untersee,1904,1
untersee,1905,0
untersee,1906,1
untersee,1907,1
untersee,1908,1
untersee,1909,0
untersee,1910,1
untersee,1911,0
untersee,1912,0
untersee,1913,1
untersee,1914,0
untersee,1915,0
untersee,1916,1
untersee,1917,1
untersee,1918,1
untersee,1919,0
untersee,1920,0
untersee,1921,1
untersee,1922,0
untersee,1923,1
untersee,1924,0
untersee,1925,0
untersee,1926,0
untersee,1927,0
untersee,1928,1
untersee,1929,0
untersee,1930,0
untersee,1931,1
untersee,1932,1
untersee,1933,1
untersee,1934,0
untersee,1935,0
untersee,1936,0
untersee,1937,0
untersee,1938,0
untersee,1939,1
untersee,1940,1
untersee,1941,1
untersee,1942,0
untersee,1943,0
untersee,1944,1
untersee,1945,0
untersee,1946,1
untersee,1947,0
untersee,1948,0
untersee,1949,0
untersee,1950,0
untersee,1951,0
untersee,1952,1
untersee,1953,1
untersee,1954,0
untersee,1955,1
untersee,1956,1
untersee,1957,0
untersee,1958,0
untersee,1959,0
untersee,1960,0
untersee,1961,0
untersee,1962,1
untersee,1963,0
untersee,1964,1
untersee,1965,1
untersee,1966,0
untersee,1967,0
untersee,1968,0
untersee,1969,0
untersee,1970,1
untersee,1971,0
untersee,1972,0
untersee,1973,0
untersee,1974,0
untersee,1975,0
untersee,1976,0
untersee,1977,1
untersee,1978,0
untersee,1979,0
untersee,1980,1
untersee,1981,0
untersee,1982,0
untersee,1983,0
untersee,1984,1
untersee,1985,1
untersee,1986,1
untersee,1987,0
untersee,1988,0
untersee,1989,0
untersee,1990,0
untersee,1991,0
untersee,1992,0
untersee,1993,0
untersee,1994,0
untersee,1995,0
untersee,1996,0
untersee,1997,0
untersee,1998,0
untersee,1999,0
untersee,2000,0
untersee,2001,0
untersee,2002,0
untersee,2003,0
untersee,2004,0
untersee,2005,1
untersee,2006,0
untersee,2007,0
untersee,2008,0
untersee,2009,0
untersee,2010,0
untersee,2011,0
untersee,2012,0
untersee,2013,0
untersee,2014,0
untersee,2015,0
untersee,2016,0
untersee,2017,0
untersee,2018,0
aegerisee,1890,1
aegerisee,1891,0
aegerisee,1892,1
aegerisee,1893,1
aegerisee,1894,1
aegerisee,1895,1
aegerisee,1902,1
aegerisee,1906,1
aegerisee,1908,1
aegerisee,1913,1
aegerisee,1914,0
aegerisee,1915,0
aegerisee,1916,1
aegerisee,1917,1
aegerisee,1918,0
aegerisee,1919,0
aegerisee,1920,0
aegerisee,1921,1
aegerisee,1922,0
aegerisee,1923,0
aegerisee,1924,0
aegerisee,1925,1
aegerisee,1926,1
aegerisee,1927,0
aegerisee,1928,1
aegerisee,1929,0
aegerisee,1930,1
aegerisee,1931,1
aegerisee,1932,1
aegerisee,1933,1
aegerisee,1934,1
aegerisee,1935,0
aegerisee,1936,0
aegerisee,1937,0
aegerisee,1938,0
aegerisee,1939,1
aegerisee,1940,1
aegerisee,1941,1
aegerisee,1942,0
aegerisee,1943,1
aegerisee,1944,1
aegerisee,1945,0
aegerisee,1946,1
aegerisee,1947,0
aegerisee,1948,0
aegerisee,1949,0
aegerisee,1950,0
aegerisee,1951,1
aegerisee,1952,1
aegerisee,1953,1
aegerisee,1954,0
aegerisee,1955,1
aegerisee,1956,1
aegerisee,1957,0
aegerisee,1958,1
aegerisee,1959,0
aegerisee,1960,0
aegerisee,1961,0
aegerisee,1962,1
aegerisee,1963,1
aegerisee,1964,1
aegerisee,1965,1
aegerisee,1966,1
aegerisee,1967,0
aegerisee,1968,0
aegerisee,1969,1
aegerisee,1970,1
aegerisee,1971,1
aegerisee,1972,0
aegerisee,1973,0
aegerisee,1974,0
aegerisee,1975,0
aegerisee,1976,0
aegerisee,1977,0
aegerisee,1978,0
aegerisee,1979,0
aegerisee,1980,1
aegerisee,1981,1
aegerisee,1982,1
aegerisee,1983,0
aegerisee,1984,1
aegerisee,1985,1
aegerisee,1986,1
aegerisee,1987,0
aegerisee,1988,0
aegerisee,1989,0
aegerisee,1990,1
aegerisee,1991,1
aegerisee,1992,0
aegerisee,1993,0
aegerisee,1994,0
aegerisee,1995,0
aegerisee,1996,1
aegerisee,1997,0
aegerisee,1998,0
aegerisee,1999,0
aegerisee,2000,0
aegerisee,2001,1
aegerisee,2002,1
aegerisee,2003,0
aegerisee,2004,1
aegerisee,2005,1
aegerisee,2006,0
aegerisee,2007,0
aegerisee,2008,0
aegerisee,2009,0
aegerisee,2010,1
aegerisee,2011,1
aegerisee,2012,0
aegerisee,2013,0
aegerisee,2014,0
aegerisee,2015,0
aegerisee,2016,0
aegerisee,2017,0
aegerisee,2018,0
sempachersee,1900,0
sempachersee,1901,0
sempachersee,1902,0
sempachersee,1903,0
sempachersee,1904,0
sempachersee,1905,0
sempachersee,1906,1
sempachersee,1907,0
sempachersee,1908,1
sempachersee,1909,0
sempachersee,1910,0
sempachersee,1911,0
sempachersee,1912,0
sempachersee,1913,1
sempachersee,1914,0
sempachersee,1915,0
sempachersee,1916,1
sempachersee,1917,1
sempachersee,1918,0
sempachersee,1919,0
sempachersee,1920,0
sempachersee,1921,0
sempachersee,1922,0
sempachersee,1923,0
sempachersee,1924,0
sempachersee,1925,0
sempachersee,1926,0
sempachersee,1927,0
sempachersee,1928,1
sempachersee,1929,0
sempachersee,1930,0
sempachersee,1931,1
sempachersee,1932,1
sempachersee,1933,1
sempachersee,1934,0
sempachersee,1935,0
sempachersee,1936,0
sempachersee,1937,0
sempachersee,1938,0
sempachersee,1939,1
sempachersee,1940,1
sempachersee,1941,0
sempachersee,1942,0
sempachersee,1943,0
sempachersee,1944,0
sempachersee,1945,0
sempachersee,1946,1
sempachersee,1947,0
sempachersee,1948,0
sempachersee,1949,0
sempachersee,1950,0
sempachersee,1951,0
sempachersee,1952,0
sempachersee,1953,1
sempachersee,1954,0
sempachersee,1955,1
sempachersee,1956,0
sempachersee,1957,0
sempachersee,1958,0
sempachersee,1959,0
sempachersee,1960,0
sempachersee,1961,0
sempachersee,1962,1
sempachersee,1963,1
sempachersee,1964,1
sempachersee,1965,0
sempachersee,1966,0
sempachersee,1967,0
sempachersee,1968,0
sempachersee,1969,0
sempachersee,1970,0
sempachersee,1971,0
sempachersee,1972,0
sempachersee,1973,0
sempachersee,1974,0
sempachersee,1975,0
sempachersee,1976,0
sempachersee,1977,0
sempachersee,1978,0
sempachersee,1979,0
sempachersee,1980,0
sempachersee,1981,0
sempachersee,1982,0
sempachersee,1983,0
sempachersee,1984,0
sempachersee,1985,0
sempachersee,1986,0
sempachersee,1987,0
sempachersee,1988,0
sempachersee,1989,0
sempachersee,1990,0
sempachersee,1991,0
sempachersee,1992,0
sempachersee,1993,0
sempachersee,1994,0
sempachersee,1995,0
sempachersee,1996,0
sempachersee,1997,0
sempachersee,1998,0
sempachersee,1999,0
sempachersee,2000,0
sempachersee,2001,0
sempachersee,2002,0
sempachersee,2003,0
sempachersee,2004,0
sempachersee,2005,0
sempachersee,2006,0
sempachersee,2007,0
sempachersee,2008,0
sempachersee,2009,0
sempachersee,2010,0
sempachersee,2011,0
sempachersee,2012,0
sempachersee,2013,0
sempachersee,2014,0
sempachersee,2015,0
sempachersee,2016,0
sempachersee,2017,0
sempachersee,2018,0
bielersee,1908,1
bielersee,1913,1
bielersee,1914,0
bielersee,1915,0
bielersee,1916,1
bielersee,1917,1
bielersee,1919,0
bielersee,1920,0
bielersee,1922,0
bielersee,1923,0
bielersee,1924,0
bielersee,1925,0
bielersee,1926,0
bielersee,1927,0
bielersee,1928,1
bielersee,1929,0
bielersee,1930,0
bielersee,1931,1
bielersee,1932,0
bielersee,1933,1
bielersee,1934,0
bielersee,1935,0
bielersee,1936,0
bielersee,1937,0
bielersee,1938,0
bielersee,1939,1
bielersee,1940,1
bielersee,1941,1
bielersee,1942,0
bielersee,1943,0
bielersee,1944,0
bielersee,1945,0
bielersee,1946,1
bielersee,1947,0
bielersee,1948,0
bielersee,1949,0
bielersee,1950,0
bielersee,1951,1
bielersee,1952,0
bielersee,1953,0
bielersee,1954,0
bielersee,1955,1
bielersee,1956,0
bielersee,1957,0
bielersee,1958,0
bielersee,1959,0
bielersee,1960,0
bielersee,1961,0
bielersee,1962,1
bielersee,1963,0
bielersee,1964,0
bielersee,1965,0
bielersee,1966,0
bielersee,1967,0
bielersee,1968,0
bielersee,1969,0
bielersee,1970,1
bielersee,1971,0
bielersee,1972,0
bielersee,1973,0
bielersee,1974,0
bielersee,1975,0
bielersee,1976,0
bielersee,1977,0
bielersee,1978,0
bielersee,1979,0
bielersee,1980,0
bielersee,1981,0
bielersee,1982,0
bielersee,1983,0
bielersee,1984,0
bielersee,1985,0
bielersee,1986,0
bielersee,1987,0
bielersee,1988,0
bielersee,1989,0
bielersee,1990,0
bielersee,1991,0
bielersee,1992,0
bielersee,1993,0
bielersee,1994,0
bielersee,1995,0
bielersee,1996,0
bielersee,1997,0
bielersee,1998,0
bielersee,1999,0
bielersee,2000,0
bielersee,2001,0
bielersee,2002,0
bielersee,2003,0
bielersee,2004,0
bielersee,2005,0
bielersee,2006,0
bielersee,2007,0
bielersee,2008,0
bielersee,2009,0
bielersee,2010,0
bielersee,2011,0
bielersee,2012,0
bielersee,2013,0
bielersee,2014,0
bielersee,2015,0
bielersee,2016,0
bielersee,2017,0
bielersee,2018,0
pfaffikersee,1900,1
pfaffikersee,1901,1
pfaffikersee,1902,1
pfaffikersee,1903,1
pfaffikersee,1906,1
pfaffikersee,1907,1
pfaffikersee,1908,1
pfaffikersee,1910,1
pfaffikersee,1913,1
pfaffikersee,1914,1
pfaffikersee,1916,1
pfaffikersee,1917,1
pfaffikersee,1918,1
pfaffikersee,1921,1
pfaffikersee,1922,0
pfaffikersee,1923,1
pfaffikersee,1924,0
pfaffikersee,1925,1
pfaffikersee,1926,1
pfaffikersee,1927,0
pfaffikersee,1928,1
pfaffikersee,1929,1
pfaffikersee,1930,1
pfaffikersee,1931,1
pfaffikersee,1932,1
pfaffikersee,1933,1
pfaffikersee,1934,1
pfaffikersee,1935,0
pfaffikersee,1936,0
pfaffikersee,1937,1
pfaffikersee,1938,1
pfaffikersee,1939,1
pfaffikersee,1940,1
pfaffikersee,1941,1
pfaffikersee,1942,0
pfaffikersee,1943,0
pfaffikersee,1944,1
pfaffikersee,1945,1
pfaffikersee,1946,1
pfaffikersee,1947,0
pfaffikersee,1948,1
pfaffikersee,1949,1
pfaffikersee,1950,1
pfaffikersee,1951,1
pfaffikersee,1952,1
pfaffikersee,1953,1
pfaffikersee,1954,0
pfaffikersee,1955,1
pfaffikersee,1956,1
pfaffikersee,1957,1
pfaffikersee,1958,1
pfaffikersee,1959,0
pfaffikersee,1960,0
pfaffikersee,1961,1
pfaffikersee,1962,1
pfaffikersee,1963,1
pfaffikersee,1964,1
pfaffikersee,1965,1
pfaffikersee,1966,1
pfaffikersee,1967,1
pfaffikersee,1968,1
pfaffikersee,1969,1
pfaffikersee,1970,1
pfaffikersee,1971,0
pfaffikersee,1972,1
pfaffikersee,1973,0
pfaffikersee,1974,0
pfaffikersee,1975,1
pfaffikersee,1976,1
pfaffikersee,1977,1
pfaffikersee,1978,1
pfaffikersee,1979,1
pfaffikersee,1980,1
pfaffikersee,1981,1
pfaffikersee,1982,1
pfaffikersee,1983,1
pfaffikersee,1984,1
pfaffikersee,1985,1
pfaffikersee,1986,1
pfaffikersee,1987,0
pfaffikersee,1988,1
pfaffikersee,1989,0
pfaffikersee,1990,1
pfaffikersee,1991,1
pfaffikersee,1992,0
pfaffikersee,1993,0
pfaffikersee,1994,0
pfaffikersee,1995,1
pfaffikersee,1996,1
pfaffikersee,1997,1
pfaffikersee,1998,1
pfaffikersee,1999,1
pfaffikersee,2000,0
pfaffikersee,2001,1
pfaffikersee,2002,1
pfaffikersee,2003,0
pfaffikersee,2004,1
pfaffikersee,2005,1
pfaffikersee,2006,0
pfaffikersee,2007,1
pfaffikersee,2008,1
pfaffikersee,2009,1
pfaffikersee,2010,1
pfaffikersee,2011,1
pfaffikersee,2012,1
pfaffikersee,2013,0
pfaffikersee,2014,1
pfaffikersee,2015,0
pfaffikersee,2016,1
pfaffikersee,2017,0
pfaffikersee,2018,1
randsfjorden,1757,1
randsfjorden,1759,1
randsfjorden,1760,1
randsfjorden,1761,1
randsfjorden,1762,1
randsfjorden,1763,1
randsfjorden,1764,1
randsfjorden,1765,1
randsfjorden,1766,1
randsfjorden,1767,1
randsfjorden,1768,1
randsfjorden,1769,1
randsfjorden,1770,1
randsfjorden,1771,1
randsfjorden,1772,1
randsfjorden,1773,1
randsfjorden,1774,1
randsfjorden,1775,1
randsfjorden,1776,1
randsfjorden,1777,1
randsfjorden,1778,1
randsfjorden,1780,1
randsfjorden,1781,1
randsfjorden,1782,1
randsfjorden,1783,1
randsfjorden,1784,1
randsfjorden,1785,1
randsfjorden,1786,1
randsfjorden,1787,1
randsfjorden,1788,1
randsfjorden,1789,1
randsfjorden,1790,1
randsfjorden,1791,1
randsfjorden,1792,1
randsfjorden,1793,1
randsfjorden,1794,1
randsfjorden,1796,1
randsfjorden,1797,1
randsfjorden,1798,1
randsfjorden,1799,1
randsfjorden,1800,1
randsfjorden,1801,1
randsfjorden,1802,1
randsfjorden,1803,1
randsfjorden,1804,1
randsfjorden,1805,1
randsfjorden,1806,1
randsfjorden,1807,1
randsfjorden,1808,1
randsfjorden,1809,1
randsfjorden,1810,1
randsfjorden,1811,1
randsfjorden,1812,1
randsfjorden,1813,1
randsfjorden,1814,1
randsfjorden,1815,1
randsfjorden,1816,1
randsfjorden,1817,1
randsfjorden,1818,1
randsfjorden,1819,1
randsfjorden,1820,1
randsfjorden,1821,0
randsfjorden,1822,1
randsfjorden,1823,0
randsfjorden,1824,1
randsfjorden,1825,1
randsfjorden,1826,1
randsfjorden,1827,1
randsfjorden,1828,1
randsfjorden,1829,1
randsfjorden,1830,1
randsfjorden,1831,1
randsfjorden,1832,1
randsfjorden,1833,1
randsfjorden,1834,1
randsfjorden,1835,1
randsfjorden,1838,1
randsfjorden,1839,1
randsfjorden,1840,1
randsfjorden,1841,1
randsfjorden,1843,1
randsfjorden,1844,1
randsfjorden,1845,1
randsfjorden,1846,1
randsfjorden,1847,1
randsfjorden,1848,1
randsfjorden,1849,1
randsfjorden,1850,1
randsfjorden,1851,1
randsfjorden,1852,1
randsfjorden,1853,1
randsfjorden,1854,1
randsfjorden,1855,1
randsfjorden,1856,1
randsfjorden,1857,1
randsfjorden,1858,0
randsfjorden,1859,1
randsfjorden,1860,1
randsfjorden,1861,1
randsfjorden,1863,1
randsfjorden,1864,1
randsfjorden,1865,1
randsfjorden,1866,1
randsfjorden,1867,1
randsfjorden,1868,1
randsfjorden,1869,1
randsfjorden,1870,1
randsfjorden,1871,1
randsfjorden,1872,1
randsfjorden,1873,1
randsfjorden,1874,1
randsfjorden,1875,1
randsfjorden,1876,1
randsfjorden,1877,1
randsfjorden,1878,1
randsfjorden,1879,1
randsfjorden,1880,1
randsfjorden,1881,1
randsfjorden,1882,1
randsfjorden,1883,1
randsfjorden,1884,1
randsfjorden,1885,1
randsfjorden,1886,1
randsfjorden,1887,1
randsfjorden,1888,1
randsfjorden,1889,1
randsfjorden,1890,1
randsfjorden,1891,1
randsfjorden,1892,1
randsfjorden,1893,1
randsfjorden,1894,1
randsfjorden,1895,1
randsfjorden,1896,1
randsfjorden,1897,1
randsfjorden,1898,1
randsfjorden,1899,1
randsfjorden,1915,1
randsfjorden,1944,1
randsfjorden,1945,1
randsfjorden,1946,1
randsfjorden,1947,1
randsfjorden,1950,1
randsfjorden,1951,1
randsfjorden,1952,1
randsfjorden,1953,1
randsfjorden,1954,1
randsfjorden,1955,1
randsfjorden,1956,1
randsfjorden,1957,1
randsfjorden,1958,1
randsfjorden,1959,1
randsfjorden,1960,1
randsfjorden,1961,1
randsfjorden,1962,1
randsfjorden,1963,1
randsfjorden,1964,1
randsfjorden,1965,1
randsfjorden,1966,1
randsfjorden,1967,1
randsfjorden,1968,1
randsfjorden,1969,1
randsfjorden,1970,1
randsfjorden,1971,1
randsfjorden,1972,1
randsfjorden,1973,1
randsfjorden,1974,1
randsfjorden,1975,1
randsfjorden,1976,1
randsfjorden,1977,1
randsfjorden,1978,1
randsfjorden,1979,1
randsfjorden,1980,1
randsfjorden,1981,1
randsfjorden,1982,1
randsfjorden,1983,1
randsfjorden,1984,1
randsfjorden,1985,1
randsfjorden,1986,1
randsfjorden,1987,1
randsfjorden,1988,0
randsfjorden,1989,0
randsfjorden,1990,1
randsfjorden,1992,1
randsfjorden,1993,1
randsfjorden,1994,1
randsfjorden,1995,1
randsfjorden,1996,1
randsfjorden,1997,1
randsfjorden,1998,1
randsfjorden,1999,1
randsfjorden,2000,1
randsfjorden,2001,1
randsfjorden,2002,1
randsfjorden,2003,1
randsfjorden,2004,1
randsfjorden,2005,1
randsfjorden,2006,0
randsfjorden,2007,0
randsfjorden,2008,1
randsfjorden,2009,1
randsfjorden,2010,1
randsfjorden,2011,1
randsfjorden,2012,1
randsfjorden,2013,0
randsfjorden,2014,0
randsfjorden,2015,0
randsfjorden,2016,1
balaton,1885,1
balaton,1886,1
balaton,1887,0
balaton,1888,1
balaton,1889,0
balaton,1890,1
balaton,1891,1
balaton,1892,1
balaton,1893,1
balaton,1894,1
balaton,1895,1
balaton,1896,1
balaton,1897,1
balaton,1898,1
balaton,1899,1
balaton,1900,1
balaton,1901,1
balaton,1902,1
balaton,1903,1
balaton,1908,1
balaton,1909,1
balaton,1910,1
balaton,1911,1
balaton,1912,1
balaton,1913,1
balaton,1914,1
balaton,1915,1
balaton,1919,0
balaton,1920,0
balaton,1921,1
balaton,1922,1
balaton,1923,1
balaton,1924,1
balaton,1925,1
balaton,1926,1
balaton,1927,1
balaton,1928,1
balaton,1929,1
balaton,1930,1
balaton,1931,1
balaton,1932,1
balaton,1933,1
balaton,1934,1
balaton,1935,1
balaton,1936,1
balaton,1937,1
balaton,1938,1
balaton,1939,1
balaton,1940,1
balaton,1941,1
balaton,1942,1
balaton,1943,1
balaton,1945,1
balaton,1946,1
balaton,1947,1
balaton,1948,1
balaton,1949,1
balaton,1950,0
balaton,1951,1
balaton,1952,1
balaton,1953,1
balaton,1954,1
balaton,1955,1
balaton,1956,1
balaton,1957,1
balaton,1958,1
balaton,1959,1
balaton,1960,1
balaton,1961,1
balaton,1962,1
balaton,1963,1
balaton,1964,1
balaton,1965,1
balaton,1966,1
balaton,1967,1
balaton,1968,1
balaton,1969,1
balaton,1970,1
balaton,1971,1
balaton,1972,1
balaton,1973,1
balaton,1974,0
balaton,1975,1
balaton,1976,1
balaton,1977,1
balaton,1978,1
balaton,1979,1
balaton,1980,1
balaton,1981,1
balaton,1982,1
balaton,1983,1
balaton,1984,1
balaton,1985,1
balaton,1986,1
balaton,1987,0
balaton,1988,1
balaton,1989,1
balaton,1990,1
balaton,1991,1
balaton,1992,1
balaton,1993,1
balaton,1994,1
balaton,1995,1
balaton,1996,1
balaton,1997,1
balaton,1998,1
balaton,1999,1
balaton,2000,0
balaton,2001,1
balaton,2002,1
balaton,2003,1
balaton,2004,1
balaton,2005,1
balaton,2006,0
balaton,2007,1
balaton,2008,1
balaton,2009,1
balaton,2010,1
balaton,2011,1
balaton,2012,1
balaton,2013,1
balaton,2014,0
balaton,2015,1
balaton,2016,1
vattern,1938,1
vattern,1939,1
vattern,1940,1
vattern,1941,1
vattern,1942,0
vattern,1943,0
vattern,1944,0
vattern,1945,1
vattern,1946,1
vattern,1947,1
vattern,1948,0
vattern,1949,1
vattern,1950,1
vattern,1951,1
vattern,1952,1
vattern,1953,1
vattern,1954,1
vattern,1955,1
vattern,1956,0
vattern,1957,1
vattern,1958,0
vattern,1959,0
vattern,1960,0
vattern,1961,1
vattern,1962,1
vattern,1963,1
vattern,1964,1
vattern,1965,1
vattern,1966,0
vattern,1967,0
vattern,1968,1
vattern,1969,1
vattern,1970,0
vattern,1971,0
vattern,1972,0
vattern,1973,0
vattern,1974,0
vattern,1975,0
vattern,1976,0
vattern,1977,0
vattern,1978,1
vattern,1979,1
vattern,1980,0
vattern,1981,1
vattern,1982,0
vattern,1983,0
vattern,1984,1
vattern,1985,1
vattern,1986,1
vattern,1987,0
vattern,1988,0
vattern,1989,0
vattern,1990,0
vattern,1991,0
vattern,1992,0
vattern,1993,1
vattern,1994,0
vattern,1995,1
vattern,1996,0
vattern,1997,0
vattern,1998,0
vattern,1999,0
vattern,2000,0
vattern,2001,0
vattern,2002,0
vattern,2003,0
vattern,2004,0
vattern,2005,0
vattern,2006,0
vattern,2007,0
